0,the pace of the film is very slow ( for obvious reasons ) and that too becomes off-putting .
0,the gags that fly at such a furiously funny pace that the only rip off that we were aware of was the one we felt when the movie ended so damned soon .
0,labute's careful handling makes the material seem genuine rather than pandering .
0,chabrol has taken promising material for a black comedy and turned it instead into a somber chamber drama .
0,"'[sex and lucia]is so seductive and profound , it's as if we're witnessing a greek myth coil and flower . . . '"
0,there has to be a few advantages to never growing old . like being able to hit on a 15-year old when you're over 100 .
0," "" mr . deeds "" is suitable summer entertainment that offers escapism without requiring a great deal of thought ."
0,"shows that jackie chan is getting older , and that's something i would rather live in denial about"
0,what could have been a pointed little chiller about the frightening seductiveness of new technology loses faith in its own viability and succumbs to joyless special-effects excess .
0,[t]he film is never sure to make a clear point Ð¦ even if it seeks to rely on an ambiguous presentation .
0,it has become apparent that the franchise's best years are long past .
0,"off the hook is overlong and not well-acted , but credit writer-producer-director adam watstein with finishing it at all ."
0,an incoherent jumble of a film that's rarely as entertaining as it could have been .
0,"the acting is just fine , but there's not enough substance here to sustain interest for the full 90 minutes , especially with the weak payoff ."
0,"it's a square , sentimental drama that satisfies , as comfort food often can ."
0,nair does capture the complexity of a big family and its trials and tribulations . . .
1,"only nurse bloom knows the spells to ensure that the child will see benevolent spirits , not evil ones , but she hasn't bargained for lena's mother , who scoffs at 'old time ideas' and discreetly disposes of the special tea the nurse has brewed ."
1,"an engineer creates the ultimate weapon in a battle against aliens , only to be suspected as an alien himself ."
1,a boy named frank ( pidgeon ) and his sister caroline ( podbielska ) find themselves in attic town after investigating strange noises coming from the house top .
1,"the tale unfolds as a group of hustlers encounter "" the dean "" and pull off a successful sting that results in their pursuit by a vengeful gangster ."
1,a story about a troubled genius who attempts to build a magnetic engine in hopes of greatly reducing the worlds consumption of fossil fuels and electricity .
1,but it seems they are brought back as one for more than just solving a case .
1,"a slick new york publicist ( farrell ) who picks up a ringing receiver in a phone booth is told that if he hangs up , he'll be killed . . ."
1,"but on the wedding day , they also sign a divorce agreement which is effective one year after their marriage ."
1,"but all four are having trouble dealing with it , and steve has a job offer in san francisco ."
1,"as they make their way to the city from suburban pennsylvania , april must endure a comedy of errors - like finding out her oven doesn't work - in order to pull off the big event ."
1,a bounty hunter is on the trail of a conman who skipped bail .
1,"mirabelle falls in love with the glamorous ray , and her life takes a magical turn , but eventually she realizes that she must empower herself and make a choice between them ."
1,"as night falls , the terrified group of young athletes must fight their own fears and prejudices and come together in a seemingly hopeless struggle asainst a winged nightmare , hellbent on stockpiling as many victims as it can on the ultimate night of its grizzly , ritual feast ."
1,"freddy krueger ( robert englund ) is desparate to kill , but he can't since the parents of elm street have been doping their kids up with dream suppressants ."
1,he is increasingly tormented by his conscience as the new order of the day is revealed .
1,"when lapd computer expert peter fowler investigates the killing of an old man in chinatown , he finds the only witness is his dog , cho cho ."
