0,illegitimate
0,shook
0,not a fair election
0,explosive move
0,"flighty , opportunistic and lacking in commitment to his job as a member of parliament"
0,fraud - tainted
0,expressed concern
0,not free and fair
0,axis of evil
0,difficulties
0,breeding ground
0,axis of evil
0,goodies
0,widespread condemnation and objection
0,denunciation
0,such a failure
1,valued ally and friend
1,always likes to
1,have been justified
1,is demanding
1,will urge
1,humanely
1,with a vengeance
1,m feeling much better
1,failed
1,free and fair
1,ease
1,was determined
1,is wide awake
1,to accept
1,seemed willing
1,sought
